426,64,43,50,71,126,81,39,49,41,vomitoxin_ppb
0.4099753264110863,0.4744057701760307,0.4630788125975094,0.3732303682816642,0.4698144828630928,0.43421900092831,0.4307274994326859,0.3508858650686444,0.2878834624641442,0.3115890666939302,0.1850594227504244
0.3264838009729174,0.4546215151580901,0.4853656096247196,0.4627116290923547,0.3210122010057434,0.3881261812699113,0.536983817182981,0.4008552862001597,0.5336447859418354,0.4141344291419579,0.168081494057725
0.5689257529805469,0.5211757791050136,0.5843737397167665,0.5816745445298976,0.4972322965799332,0.5462150418831366,0.7595158173859788,0.5568999840373572,0.5920250268475589,0.6471781940187131,0.2190152801358234
0.6684583457005036,0.5995769189381919,0.5123940436859826,0.6055433143943763,0.4344533930500114,0.5892132465343272,0.6753638929893335,0.7324147191572783,0.6414808770638425,0.6822716565104219,0.0356536502546689
0.3140679666619048,0.1362901437551678,0.2862815911375187,0.3001323314482502,0.2097866084356094,0.397418982689802,0.4293473609673368,0.2648286974099709,0.5017592593689324,0.2877100867617128,0.2359932088285229
0.1383218696631454,0.0478090459238527,0.2671506614311385,0.1758064495745817,0.1735070266836937,0.2003094334079636,0.1571335437152892,0.1443754488922537,0.1435633717109878,0.1709352010627716,0.1850594227504244
0.8268964528857952,0.576876335395174,0.8181300000342777,0.6898985955734891,0.5895423152338923,0.8308901633181494,0.7905594663478821,0.6399251918872981,0.6801301394421984,0.5776158425442601,0.0831918505942275
0.4253865483712142,0.1079861689359862,0.2345377615985782,0.3887943482516829,0.1388129134709732,0.4608278026854622,0.3857314733696295,0.3478135314835582,0.3944860569584771,0.3552624210445059,0.0152801358234295
0.3409817013727143,0.142342042599773,0.2646069584392383,0.2123296536516712,0.0124581801814065,0.4372853577845985,0.3567153563697269,0.1854890300899507,0.3905701039194795,0.2622785710702986,0.1850594227504244
0.3483587895982425,0.3168478898268509,0.4638254225540443,0.2509923340826199,0.3800584411018797,0.4415988872841669,0.2853792496814633,0.358074744061496,0.3831179290807793,0.3171734756025579,0.032258064516129
0.9628494079187808,0.7986936229269241,0.675117605903442,0.7910567456118707,0.7386853133333673,0.7650755378129341,0.7588205567321142,0.8151527971074393,0.6797862296595407,0.7683880527373044,0.168081494057725
0.2150797852156389,0.3077657348398208,0.432599122411397,0.3244847314089045,0.2951914286416428,0.3345151804168256,0.3276009367769901,0.2251823824786549,0.1926745753801468,0.3338482741150985,0.0152801358234295
0.7780492320233066,0.4844646187493089,0.4521529630971106,0.4990630927339432,0.5866000347105891,0.7432176358796001,0.6480664995940497,0.5299841288961498,0.5508926092126853,0.3494734252942864,0.0831918505942275
0.8948175696697791,0.7168415394462915,0.7579100558295477,0.6465989891213804,0.7170445436015551,0.9343835670562876,0.9641681851639654,0.764754904795286,0.7347323360000546,0.7070895818535547,0.0492359932088285
0.4480997369216699,0.7996474388913473,0.7868352547284958,0.7291358217914565,0.89628764854524,0.4714228421677067,0.7984532164420215,0.7182802526217851,0.7413817532521016,0.794208080224766,0.2020373514431239
0.3716685209279098,0.5663750716620009,0.6958018301704196,0.5782812090088627,0.4554877372398216,0.4298683405641932,0.6964960927198951,0.6320054150700483,0.6826704007814324,0.5330186663810761,0.8132427843803056
0.5283809603048835,0.3331396012885914,0.3541376645599434,0.3353750266741424,0.2479416203000186,0.3625495563475218,0.314383996113349,0.4474402413614713,0.3769675294183043,0.3060013911019135,0.0492359932088285
0.3351092002895668,0.3881299807790126,0.4513393115433335,0.3497171906156548,0.2924828468621669,0.5647719986070556,0.2572508445563013,0.3677546029754885,0.4335084482332734,0.2616317260079785,0.2020373514431239
0.3623257036482621,0.2821721956876637,0.4988226191918847,0.2920482707345704,0.2452603703007014,0.1582879633436973,0.4003609601604969,0.2844227678508362,0.294209239669003,0.3548470475037415,0.6264855687606112
0.6434137531999142,0.6412730811147231,0.6032650745741355,0.6362011004513586,0.6974131952584768,0.5816459161829037,0.6783653140469514,0.6059108174268102,0.760485869429588,0.533005149679133,0.0848896434634974
0.673153388270634,0.6145454929090037,0.7491787284889118,0.4340780123999979,0.5219745690981059,0.6045993653430877,0.6960599541384163,0.5927719766839921,0.6158217475716832,0.5749068663321746,0.168081494057725
0.3453001398201207,0.1158777694802297,0.0,0.0,0.0049488979014731,0.3179404073262573,0.0551321072524098,0.0097086768655001,0.0144661798393308,0.029295560375999,0.032258064516129
0.3838033656857753,0.4055347248536964,0.2929716221485865,0.373164486363752,0.2054330393169643,0.4631417657502612,0.2636711276975951,0.3201600228400987,0.2830179400429493,0.2888562424065055,0.2190152801358234
0.1634407760711638,0.0723331923349446,0.2001896899837953,0.0346107954049272,0.1406896416707932,0.3389558312051903,0.2522199616708525,0.0894149376415909,0.208787340908324,0.2130091923574286,0.1511035653650254
0.7094317105558541,0.5479266639577711,0.6107158610138479,0.5707260408202717,0.5368204928696325,0.7335526741247755,0.6814937477844079,0.6934667930654774,0.5961772601424,0.6373353702797508,0.0679117147707979
0.3441085879376051,0.3432311947454056,0.4089362948139359,0.3463612659676962,0.194646709214235,0.4756230526969718,0.3598514003214839,0.5453237198949334,0.276723464227524,0.3203331618653211,0.066213921901528
0.9076715317915368,0.7303002726238945,0.8482528110918339,0.7041232643638957,0.8793211477771903,0.7725156192860014,0.8592069475572979,0.8623032881501487,0.7950246344779424,0.7544455487178119,0.0747028862478777
0.3617745074456198,0.4224950148825324,0.4427586034042627,0.5506153503788069,0.4708031626431055,0.5450714414115123,0.49593351671031,0.4648376770134226,0.4061161418983103,0.4177377081405369,0.0831918505942275
0.7143157750342084,0.5241578181141853,0.5436426167325246,0.4965258931729588,0.5599531117830521,0.5062405937713645,0.6730105799623836,0.5201779506597786,0.5852629331101582,0.5449866375058272,0.7283531409168081
0.8004951952303663,0.6611169126671237,0.7655742157415888,0.7697417477580957,0.7383388287538841,0.7102318920732729,0.775059265504443,0.7144041035924482,0.8012163352589483,0.5475560430695994,0.0611205432937181
0.2333477414548173,0.232269983321433,0.3192122107804525,0.248717607686947,0.3073856086578026,0.3904358424105885,0.4754487633869346,0.2970103405651518,0.3309479450978243,0.2958445586198224,0.100169779286927
0.1923250947159798,0.2616337589741828,0.3158963486580382,0.1918824097505278,0.2136186995481008,0.3144067461445194,0.2209547423947659,0.2783036161278862,0.2718584404264084,0.2340111553538593,0.0831918505942275
0.2798760313049011,0.3738418112104493,0.277487291791674,0.3643590986825336,0.512121189581958,0.5198384485218384,0.4878520412099121,0.2960098621862457,0.3509671121514091,0.3787340454514709,0.0152801358234295
0.3667661239909763,0.2797748386363934,0.2642643410839864,0.1852108762454196,0.1905869868295087,0.2348838821246937,0.3879906051475896,0.2436915935291421,0.3483788755644681,0.2454214727669712,0.2190152801358234
0.1555505743175933,0.2770940280497849,0.3621621694630739,0.3354247809671968,0.1570905237479143,0.1036426385926647,0.2854605595592874,0.3787332278870583,0.3107925693942712,0.3613550166230161,0.0831918505942275
0.8153271256062289,0.669077145717673,0.7833032159054232,0.7549839277404433,0.7526916295637462,0.8891700765490573,0.6833932389629256,0.8234124095297932,0.7309917514915174,0.7089736518893857,0.0865874363327674
0.773699985132517,0.713123427328507,0.7306530398779343,0.7443402186514958,0.7052647302603587,0.8403018833398717,0.7421413360625326,0.7526384634690773,0.7799490848850188,0.7091795005360562,0.100169779286927
0.7371288063003707,0.6648246937908173,0.5596066994207465,0.6637167884110187,0.6160754073788774,0.7093480525710056,0.7880710336703136,0.6527940324012318,0.5519340056574125,0.6599746219789708,0.3718166383701188
0.6036225112458973,0.8514320711785504,0.7657197124891788,0.9164660552531214,0.7848551145996046,0.7212814086427604,0.99127846277871,0.8919931865028816,0.9297902408195626,0.8052536939561052,0.8981324278438031
0.3607435536399781,0.2899267561009395,0.3020537069985858,0.3987146885237793,0.2670360277165307,0.2981813628385472,0.2020170918713724,0.3367851450704378,0.3341894704655979,0.2890732595149448,0.0152801358234295
0.1177616848114673,0.1250815879873297,0.186594675985839,0.1544632908958998,0.0,0.1524562221714309,0.075427673754775,0.1787509441735346,0.1883591721818525,0.0893891550801115,0.032258064516129
0.1343462283657874,0.51920129608091,0.5286529027280864,0.4065660553490273,0.4355917556637318,0.0974818933851824,0.4446080438845983,0.4280973514808737,0.4655590574173147,0.3698842376782261,0.8132427843803056
0.6229133740357686,0.4496303410420312,0.455139694746548,0.4601696501849353,0.470819084819319,0.6066252135459624,0.4588424539341651,0.521599574917331,0.4841507294638152,0.5617410873731032,0.0560271646859083
0.3016928252448023,0.2009836978113846,0.3161613986620775,0.1988635311582205,0.2536496613670944,0.2519171189460927,0.2228175439954713,0.2178676851447363,0.2868132096754721,0.2248669146040312,0.032258064516129
0.6758361947376517,0.5665271800386396,0.5605355694123644,0.5186274680143832,0.588489836669613,0.4807247256892109,0.5336520776950859,0.5448098408595812,0.4679008459737952,0.3374440526318401,0.0679117147707979
0.2909951111062909,0.2641050799038873,0.2281322956248292,0.2702219301781119,0.2919554427100308,0.197801548846531,0.1933306350239347,0.2464987623505337,0.3761164358880506,0.2308775607198658,0.4906621392190153
0.5340922080708652,0.3746363663470562,0.4180039670337729,0.4127201273094245,0.3768041549372591,0.4872330748718596,0.4949849409819644,0.4037914072119701,0.4310963385303386,0.5068770844742507,0.0288624787775891
0.1502293815737556,0.5567892185911296,0.5058639403410086,0.3867467409170606,0.3843392724165568,0.185336055367272,0.5628053072980799,0.4593563116782271,0.4203563391478071,0.5542015399467812,0.4906621392190153
0.3282169623905036,0.4316838797813134,0.4328364404571954,0.2605187546649088,0.227301527926633,0.3108274958459733,0.3838096600084362,0.2373733630421699,0.409466219024273,0.3980173699186304,0.4057724957555178
0.5071281610409786,0.5232981353842476,0.5786286942943752,0.509932210298988,0.4831240851907805,0.5028520634786515,0.6397438251258789,0.538567458066183,0.50218325965881,0.569604306420681,0.1511035653650254
0.3496219030277996,0.2467134784041353,0.2103693766793233,0.1824409627080658,0.1701135381088114,0.3966009239130335,0.4522556676413289,0.2870058176622219,0.2457089347380685,0.3815504196674968,0.0492359932088285
0.2286679635540114,0.157972732942963,0.0678009386590163,0.3541811037319013,0.2003981232789573,0.3307326385521483,0.2125998029275777,0.1957822357104903,0.2761544935117579,0.197246219561703,0.066213921901528
0.4099374463568876,0.3998996321006516,0.436346993345009,0.4310298222032442,0.4114804948844208,0.337253783312657,0.377839531517202,0.3703356431730953,0.4717070832931838,0.4909047956957317,0.032258064516129
0.5444151907169692,0.4062731042173617,0.6289028158723287,0.4289998247483466,0.5230106415266438,0.3698286255092009,0.532804265587437,0.4057832423804239,0.5797001825620836,0.4994434514456076,0.3548387096774194
0.6104603510020259,0.6288308661088038,0.6335963151389479,0.6701373612492691,0.6421545605472339,0.6455389046314375,0.7934996925013458,0.6806205355160657,0.7014873072932026,0.7694959179050309,0.7453310696095077
0.2841785796617131,0.3411597034304392,0.2923125926666421,0.3769852074791018,0.3705752143037626,0.2420534250571355,0.3904157397016425,0.4064351473593797,0.3886050112237007,0.3164442294476643,0.2359932088285229
0.3046785851834217,0.3490569111729371,0.2485576428982101,0.1776195566161622,0.1996658254744852,0.3404699941986733,0.349498517249653,0.3173612338611375,0.2908644682440997,0.2125668840283929,0.168081494057725
0.6746877815671422,0.5835231692117475,0.5058911942192281,0.41917435624288,0.4651758896235132,0.6243900113476379,0.4556746198668366,0.5458806580477635,0.5380052293092943,0.450438524771638,0.1052631578947368
0.6744982640865502,0.4037905831579307,0.4991313076575829,0.4175846449959355,0.4342894111560411,0.7579098652912211,0.458328841374052,0.4807641224436871,0.4348097488095863,0.333097724585776,0.0492359932088285
0.3429708337793111,0.3743454482148012,0.2952903846403989,0.2453890467248076,0.2957089212448409,0.3760303451272695,0.2075488706573431,0.3919638775886074,0.2443256262295927,0.390354905982184,0.032258064516129
0.7270386976738923,0.7854261136375726,0.7607399330754909,0.7189167917985881,0.8464050661539837,0.8358878733479043,0.8058639528564866,0.8395143412842041,0.8590723099203741,0.952634536421159,0.0118845500848896
0.6134475688948315,0.3921918243444695,0.2965930485910073,0.2387185676818113,0.1343454469990614,0.3464517618342242,0.4110112375793111,0.2805545666779441,0.3702621622584723,0.4637518858331881,0.8811544991511036
0.6130116093342011,0.4936887912199224,0.4956191095055107,0.5057412524040528,0.4653204067751908,0.7799189715525214,0.5771335719814785,0.4322900862982568,0.552336642092516,0.4625840352173525,0.0492359932088285
0.2186550059880345,0.1545734214055254,0.3454402034374471,0.2731535109812633,0.1816919277343778,0.2452365490152059,0.1244753522431247,0.1981183217583733,0.2949917584552504,0.3168633815747752,0.032258064516129
0.8094260560160782,0.4921833795415467,0.4964659018383652,0.5911972109739634,0.5409038076556325,0.8682163485964867,0.7156354099539466,0.4726104240567899,0.5844427445164597,0.5542821282952042,0.066213921901528
0.3282594499615174,0.356509347960946,0.5147615478301251,0.4967222470022148,0.3640755957721187,0.409836686501106,0.4766206394940915,0.5594416184108411,0.3893397125138373,0.3751316569449103,0.032258064516129
0.1441509693410263,0.260359149161889,0.4896658884403335,0.3164617188221634,0.3869230280549278,0.4588482782184493,0.329746496695237,0.2916983807463909,0.3218365053796677,0.4041770244089624,0.0152801358234295
0.7200933098177655,0.6899774801436538,0.6107559876603752,0.5626417669574089,0.5336342428573972,0.6788824974363581,0.803311985266681,0.5249433277700553,0.6205398622678926,0.6511729916256648,0.0
0.4550426364226592,0.2268741624620178,0.326406360185598,0.232816664477542,0.2262466519826762,0.5051990680169287,0.3905343552127558,0.4851011335078301,0.2641988624108093,0.2936716549826306,0.2020373514431239
0.26190130972532,0.3579202234423444,0.38448890321445,0.4457526973719714,0.3739032742799575,0.2715391117105237,0.4487567811067281,0.3417473544939502,0.4627990348474586,0.5557602393298733,0.5246179966044142
0.7545718526550109,0.6922372600507731,0.888228761872641,0.7103157052372637,0.7778508470658403,0.8055659694665014,0.7162212081280468,0.8038506890410326,0.8239211423808381,0.7102010873226019,0.0
0.6004450198834053,0.5219790578558665,0.6026684993842915,0.5778355034696343,0.4806975930769976,0.5836424487121481,0.6778680963184365,0.6412790640478072,0.7416625464471238,0.5995463706470854,0.3548387096774194
0.6811121503808306,0.5533466873470354,0.5400061252456967,0.6710146017951102,0.6019394620246457,0.4687679747099542,0.6534737629152207,0.4999907388239626,0.5208783664572101,0.5781807421028515,0.6264855687606112
0.8157631892482899,0.711301336760261,0.6867752995466236,0.7425515504501448,0.831031146706686,0.7748152369942392,0.7675088739484868,0.7464283846634225,0.7488487220503122,0.7846714002270054,0.0135823429541595
0.3534047407955287,0.2276019459653386,0.4165416777678785,0.3111087668439687,0.2313764810682113,0.4171609831395488,0.2572637256740546,0.3867063796519783,0.3689368123579513,0.3613693166230385,0.0831918505942275
0.8108580918326691,0.5947248290940592,0.6066462434580908,0.6755833653652785,0.4828546016942654,0.7992558205822871,0.5828873557534386,0.6718881217238846,0.66405485986941,0.6096557039088821,0.0628183361629881
0.3833838784174341,0.2953396585711774,0.4236044299085979,0.3925243345156564,0.3064396593324636,0.4112381449185704,0.3120103977684687,0.2765775638685881,0.3459179257814639,0.2578943565968365,0.0831918505942275
0.6924612357537856,0.5107356074334508,0.7226639517437359,0.5992585596321476,0.6269381046877365,0.570835431865599,0.7774087192282426,0.6176214523999131,0.7414426404035472,0.7678429034013619,0.8811544991511036
0.475504581108904,0.6535670831080107,0.6976738272397476,0.58360341964806,0.7208432613563855,0.478820146188303,0.6177835401380816,0.5371421265371306,0.656847933888622,0.6505444792006212,0.7453310696095077
0.4034166475899714,0.3765201580291113,0.4312281391897354,0.3567138326533059,0.2084668541940464,0.4260235322173371,0.4218350557022776,0.2595004264144198,0.3761469819841814,0.2593386260386972,0.100169779286927
0.4450420987341337,0.4617344984592046,0.6401280532160103,0.3959320750340991,0.2885454569747352,0.4093630279144364,0.4204711455569838,0.6147471353456122,0.6525225156819054,0.5335449497263032,0.2359932088285229
0.6207693602045876,0.8453224082024404,0.9731203883809344,0.8827279444553926,0.9061691282970556,0.6758221573130232,0.8292033959325318,0.8495343387532921,1.0,0.8599126348345172,0.8981324278438031
0.5783022482367484,0.4769139557281632,0.5629698980994082,0.7060941631684758,0.4025010373969981,0.6532184770972358,0.5465173658173699,0.6420778108688523,0.4994687133353466,0.532280582667304,0.0764006791171477
0.3202562223607965,0.2945840122652217,0.5083817315394372,0.2940714900359589,0.2846906151431676,0.6623439145597638,0.2710819234629662,0.4947479976121738,0.3598500637440183,0.3796767124084244,0.032258064516129
0.792902255411911,0.7435882050930098,0.833491250765561,0.7515282952128897,0.8287916020728672,0.8822557201486667,0.7301805380005102,0.7661100741434523,0.7073039684742617,0.8629682251429969,0.0356536502546689
0.5468104075039615,0.6378690330161356,0.8058745977012667,0.5487464550904737,0.5151867240537913,0.6308976292443149,0.6972334417968922,0.6565066303615217,0.5863602596842439,0.6392359864634469,0.0339558573853989
0.5610104405626513,0.3684566904580655,0.6177498313973218,0.4462212522461062,0.5157132900227845,0.6041421833560268,0.5280965627391856,0.660917915464329,0.6347087048685727,0.6396365606560057,0.0152801358234295
0.6159954300428474,0.5293657872856692,0.5292145954532395,0.5159268740486156,0.5028665440209339,0.6825550727881038,0.5506721082601991,0.5609503085027765,0.5316585926900399,0.5018751926226728,0.134125636672326
0.283248474856093,0.0752178410978818,0.2691047631553469,0.1791757789948591,0.1888019050802623,0.3878008122744196,0.1824253284202974,0.1659983684348551,0.2413885987394248,0.3432514566070652,0.2190152801358234
0.1123677363227635,0.2503925353506986,0.1504183977416482,0.1021104874441221,0.098885504381007,0.1746094794504635,0.0724356707585747,0.0424004055334654,0.1188586798923054,0.0004093849455744,0.0152801358234295
0.4317615714317075,0.5904973371880671,0.4937568134284398,0.461791750297432,0.5320918839907007,0.5886406776624606,0.5823782983140466,0.4898303449901775,0.6215005994158571,0.485267648154206,0.1239388794567063
0.4768836918370081,0.4058837091510445,0.5998028776309445,0.3791867735391871,0.3170383008512674,0.5419858225337499,0.5577896257737773,0.4531310929489629,0.4918577754327273,0.5031436880521005,0.0831918505942275
0.5043417366940872,0.6397991896387107,0.7437313253824172,0.6925302074290367,0.7730414249136464,0.5565663882293634,0.6071735072716775,0.70857773731664,0.8133591219423439,0.663535508719044,0.100169779286927
0.58431979890584,0.6329639067432444,0.6589252021088254,0.5455269247345949,0.6180483636693961,0.5489618113645198,0.6119382880996116,0.5638495431611747,0.6608736432781868,0.604374870399589,0.3548387096774194
0.1438471419523233,0.1045430918267371,0.2764038326453657,0.1280183405366963,0.070106509251973,0.1892451186843717,0.1932069701008916,0.1754564468060693,0.0,0.0726148971075792,0.066213921901528
0.6689771806185592,0.6616016437154186,0.7099939038076328,0.7188899872311372,0.5704856641956366,0.6850127939824997,0.6704951923071545,0.810563397995036,0.719196376228247,0.6917606968166081,0.0
0.7132388864922383,0.6169455431500144,0.7061968762763116,0.5772279878074076,0.6704532077701744,0.6322525825645005,0.5779124364930199,0.5987114885273888,0.642336360179133,0.5677776922475115,0.2359932088285229
0.2725159794289808,0.3253318762284534,0.4839378015356617,0.3109789666758908,0.1833392917143637,0.3552638399184928,0.2425009275149654,0.2069643473759193,0.3370168352095228,0.4132574611111599,0.1850594227504244
0.282817488586081,0.1126121970465865,0.2404274397421508,0.2807112276772168,0.0780184838257707,0.0830740265394993,0.0031676889261804,0.212739370951722,0.2625461613151136,0.1392998754592873,0.0492359932088285
0.6412074474356984,0.5011540510585142,0.5302681410305332,0.4393514824253981,0.4383162595478389,0.5045492656299451,0.4058780499026362,0.4797981221848937,0.4776107497231252,0.4757874436760099,0.0441426146010186
0.5988820125465759,0.4957386704995523,0.5467845926622441,0.556895154426595,0.5509621723311426,0.597046444306117,0.4324647710566038,0.7033940325726931,0.530487188052188,0.6121281550005524,0.0611205432937181
0.6841954934472523,0.6140221310064982,0.7867858207931693,0.6211876531697227,0.5448216717646857,0.6147157923755273,0.6721664285624867,0.831271715470973,0.7311721068585646,0.796533451154031,0.0169779286926994
0.7087511754264266,0.7410790921844568,0.6957958151441701,0.5748091019186883,0.6389105577554621,0.5825717600343623,0.6691983380340805,0.6171079085232118,0.6183937448774572,0.6368377331635078,0.2699490662139219
0.6531813640423283,0.5015549899424807,0.4278876716238609,0.6604656981373789,0.5299955998573262,0.712039414529368,0.7000958802353177,0.57332495640841,0.6112585982440439,0.638312670315125,0.2529711375212224
0.6482243085685986,0.6152560206737927,0.5570001490788254,0.5595118429378396,0.5361529919656485,0.6597588965662244,0.6675561652108244,0.6907227279820385,0.6257350459085083,0.5059320221039176,0.2699490662139219
0.5539994513867477,0.8439745439741715,0.8034336011542964,0.9175931813838876,0.9287254032184908,0.6706840820844819,0.9678210350510796,0.8974929872324717,0.96315034121703,0.9085823246894572,0.8981324278438031
0.5308245727962544,0.3413381807157429,0.575910870988211,0.3009860541497631,0.2878825421646207,0.5036032561366537,0.4726720939310804,0.5065391101157195,0.3551582672099564,0.4168847295183762,0.066213921901528
0.6193131312682207,0.4433754224779818,0.468230891233161,0.5792277778408699,0.5340377445410034,0.4158031235772834,0.4469284999962601,0.522261127439483,0.396357158341059,0.4536390829946104,0.6264855687606112
0.4875158793329484,0.3904764614360629,0.5413176600002705,0.5199117539543008,0.5665030535030906,0.638718776596995,0.5570636582478072,0.4709896896864947,0.4457039424138012,0.5282104512295274,0.0492359932088285
0.9003452223188941,0.7851437270058581,0.8479274517192963,0.7575396771861751,0.933337760376358,0.8170844099258283,1.0,0.8204027619013206,0.9625447363929354,0.7996770908188033,0.7962648556876062
0.0737713864229219,0.312106568893566,0.4038073083878595,0.4589457973337749,0.3661373511922325,0.0184352412922783,0.3298310569589837,0.2965232917192888,0.4405182382644508,0.4275432594827861,0.4567062818336163
0.7669036845668828,0.421527292165871,0.4319298223066472,0.4962383222402318,0.552287343577279,0.7290559608056788,0.6380760445277636,0.6396308444475569,0.4264896575456021,0.4403841925580638,0.134125636672326
0.740733960664723,0.6876334105296154,0.7425583213588041,0.7716588903688661,0.6288623941166327,0.8038459742726154,0.6964734975874598,0.7465444085376312,0.7457138740511602,0.749645889093155,0.0033955857385398
0.658600374177094,0.5466208665609764,0.550982005578865,0.4767188301561953,0.5498165975138345,0.0,0.487336394022464,0.4725211364890993,0.4032715426972468,0.3737226461966159,0.2190152801358234
0.7611801960427069,0.7265536899487721,0.9497106601106292,0.8051113328325243,0.7772630519409403,0.756279258981527,0.8014624239494466,0.8112411683017415,0.8280058153782006,0.7858955851123277,0.5925297113752123
0.6197478301165207,0.4374624826548692,0.6388866353965328,0.5287470714318308,0.5046427348866669,0.5706199459154724,0.5032290976585139,0.7038484229162976,0.592880306758027,0.4923872819216244,0.2869269949066214
0.750588649917094,0.537894145817799,0.6818278748508282,0.6357670331651901,0.4550793689178591,0.5620542490539324,0.5105468152352937,0.5966644260851466,0.6072975390339841,0.618954909433939,0.168081494057725
0.685675563882961,0.6826502829809569,0.6621779735011748,0.6535566781880795,0.7516823661679257,0.6187127560471382,0.8471440968759856,0.7882089711628157,0.7453941890972784,0.7279283759365127,0.8471986417657046
0.5617113485500451,0.8383516994349665,0.8273362021505608,0.9016575521340706,1.0000000000000002,0.7905090983715501,0.9156562346208394,0.8056403051510721,0.8447023828224065,0.8409478121715923,0.8981324278438031
0.236194193710117,0.2667987519028583,0.3933926796390008,0.3824144847581818,0.4776414151390582,0.3180508618858559,0.5071682320099509,0.5642617972058599,0.4661839374900514,0.4849429700253063,0.168081494057725
0.5998021511763798,0.3630078455855161,0.6861809199216717,0.3733847922670312,0.4701598925022627,0.537104631345819,0.5445242185860768,0.5158314259835202,0.4364430122397293,0.5940225485853217,0.064516129032258
0.6024977868927222,0.5551550071793805,0.5434133743020142,0.5168647776051412,0.4119028596072136,0.6187067320705082,0.5031112736154593,0.6133407470950643,0.5021598899810344,0.4619789016087681,0.066213921901528
0.7081168715238197,0.5858741473445599,0.7908169921728547,0.6036773938169282,0.7158454537981511,0.7294971878692902,0.6436344187890799,0.8649642709219296,0.6342030092286972,0.6405182996732395,0.1086587436332767
0.9214399001930428,0.6935142238935559,0.6550129255851751,0.5504017281641298,0.6098747783654914,0.68469031255405,0.6294510074197244,0.59053435419408,0.539708121427378,0.6580051487292382,0.0152801358234295
0.2725432276032924,0.1981939506852563,0.232470330087654,0.215436003946182,0.1715960116726966,0.2626731158799127,0.2613389942392841,0.0959349363313299,0.3915135049639184,0.1947757480510743,0.0492359932088285
0.4324473482472464,0.5024757909225033,0.503871422157413,0.5058635467810162,0.4348860403449903,0.4132885519226961,0.3864779811212355,0.4211798306685865,0.523059067225637,0.5322401202413196,0.6095076400679117
0.4530687821955528,0.3951166052053003,0.3983291895332674,0.3889181950540297,0.2897087068798096,0.5754506435132178,0.5417272448093313,0.4337730418431598,0.4575764595770781,0.3036514644866825,0.032258064516129
0.5740341660361046,0.2742148764006527,0.3604465452352896,0.2894050040444624,0.2986201877723291,0.5495259567784792,0.3695795865643654,0.3732265695595396,0.4252533621308147,0.3033979108370912,0.032258064516129
0.6638700016900896,0.5291735590326618,0.6657922660696654,0.4323764222155222,0.4460548327524052,0.6039409072643767,0.6015364908699237,0.5668967871757291,0.459176130660615,0.6688877060336342,0.2020373514431239
0.4796359431366026,0.3795450186450646,0.3568289973567333,0.2801319187801649,0.2630209736604174,0.5152385008541005,0.4369951134656502,0.4471307687369055,0.3884358119814539,0.377037768503708,0.032258064516129
0.8454449874709749,0.5232332284871728,0.4822909160574575,0.3934941384955297,0.5962087405256622,0.7683369332183587,0.5805897099234003,0.5464153730643357,0.5715988236815468,0.42725004337269,0.0152801358234295
0.5262755802856187,0.6172947509564419,0.6595542970123629,0.8028687668483614,0.7008792891308169,0.5905677375782821,0.8764433419510747,0.5776674936114643,0.7506656915188192,0.7082631097129368,0.2529711375212224
0.185737160561771,0.2325951133266341,0.1978300479198225,0.1013940046297683,0.0418083262411894,0.1965954965782672,0.0723015975113001,0.1475555549552303,0.1223022371907562,0.1149830198445023,0.0492359932088285
0.491286568552824,0.6657978363139054,0.7768069635479213,0.6576283041472455,0.6973175306376256,0.4515582603499557,0.8230257149113345,0.7085702187933365,0.6921761364275256,0.7324150235400599,0.7113752122241087
0.6326458522950089,0.5341170416646539,0.5324577659726899,0.4703943057220012,0.3754565659683611,0.7445593359765987,0.4030511860563166,0.5466929832434906,0.5541395041845498,0.4389570632852415,0.3548387096774194
0.6237786913751826,0.3836668818657014,0.5349547009406133,0.4081882438480582,0.5194647003670003,0.5855152577758762,0.4703978631938472,0.4673300233108157,0.450709725235801,0.3981357384222932,0.2359932088285229
0.6705114726403107,0.5339896193111764,0.6638359674679493,0.5097021675899072,0.5295519518641674,0.7843854496752218,0.4880012538668241,0.6911090157660753,0.5864154001565254,0.6345789642489852,0.2190152801358234
0.2389685220767257,0.1384885381247336,0.1459297233595096,0.0842648432159405,0.0920051682315803,0.3073503062083658,0.129370277441176,0.2116337507052288,0.0009934357641241,0.2569088706390452,0.032258064516129
0.2959382705189197,0.2295510021701567,0.3464898710256798,0.2082604458958883,0.2978214490495732,0.1719757225627094,0.1160591958259564,0.3980167228945082,0.3334033088648538,0.3197501008490422,0.4736842105263158
0.3259262693845048,0.3760402539575156,0.452874307876572,0.4527399546302675,0.4148059259195686,0.279872891121149,0.5097646594466143,0.4110061102719056,0.4641393708258903,0.4322921122416929,0.032258064516129
0.5103611645390695,0.5748318228627622,0.6792173008186497,0.5855694755586875,0.5720491632522633,0.6596661643689892,0.6848353475442139,0.6042896357443073,0.5192318419591495,0.5680476923550863,0.032258064516129
0.6020278868754159,0.8662001384621376,0.7886069929704693,0.904565787916762,0.9488526512185238,0.776111314288999,0.84643899296612,0.8907370858039061,0.8605911880280117,1.0000000000000002,0.7113752122241087
0.6815914762851971,0.6203347606338265,0.6907996694706242,0.5538020802608226,0.5746421653015379,0.7059851423721355,0.5604302990399761,0.545598487448993,0.5508604380684519,0.5623708189259198,0.0152801358234295
0.7727745740997949,0.7824874531222006,0.8738184826432696,0.8225296248605232,0.7775080132178493,0.7891480570172149,0.9337039129171498,0.9785117660554612,0.9320866700500264,0.7957146910106763,0.4567062818336163
0.6966178626502222,0.4717707135417466,0.5612997158191864,0.45831823328965,0.5861263587068322,0.6604879177877083,0.573744029314105,0.4481661237648107,0.5671894377201205,0.5567724729336956,0.4397283531409168
0.7173153571113429,0.6828801851790389,0.7599471971740959,0.5629276877561864,0.5610725433280341,0.6231790170458917,0.7402123584926481,0.5936349453400898,0.6801547867579267,0.7433295335149379,0.4736842105263158
0.3765634016256478,0.562508200846169,0.6655389654661501,0.5480093869086327,0.4594356704639788,0.5199727757849129,0.6008219096058043,0.5487695031188837,0.5853406593704022,0.5649958455906476,0.0831918505942275
0.259095907811707,0.2849866486219472,0.2370587696832011,0.3262852702086962,0.232941340109366,0.222206717427797,0.1572526859190151,0.2647575986762474,0.3499996866573895,0.1718466733860928,0.066213921901528
0.7014348173762768,0.6724109611082196,0.806068261261941,0.5996025967638627,0.648472009525386,0.6659074999211798,0.6572325958869598,0.7816455931257387,0.7366186176461391,0.696281176552114,0.1205432937181663
0.2761709787008417,0.3403869050627057,0.4037571376870585,0.4377276065514248,0.2154105481068218,0.4727262656835558,0.377968313106213,0.2942029509218022,0.3538172744815846,0.4801378913184229,0.0492359932088285
0.4607766418641947,0.3062087364538306,0.3671590567515197,0.2599354852611562,0.2997829485864545,0.484525961106081,0.4203338145805722,0.3980919608220408,0.5132203463229894,0.2247332465396891,0.100169779286927
0.3387651035413874,0.2109128680663623,0.447551823146713,0.3433174048392007,0.3162467249503689,0.3927358342007654,0.2198858392535534,0.3224195930187057,0.3920932725650301,0.3016026625337553,0.066213921901528
0.6707320934532865,0.5723561050713217,0.5799653481830391,0.5748747155880229,0.5157427389563678,0.4499573227534688,0.6034872578602246,0.6896477519308697,0.6165403523067066,0.5983334775456399,0.6943972835314092
0.3492235666302727,0.4579986201155119,0.4641561002393113,0.6418514712675867,0.37953490998475,0.2372187078293555,0.4748851825449094,0.5666052520082403,0.4547018795083692,0.5174720101163388,0.3208828522920203
0.411397720130604,0.2312555148680932,0.2362023079559421,0.2668420145848127,0.2669709567012777,0.4055258947319129,0.1037212678360934,0.2365445630524887,0.252742964784121,0.2893413000513298,0.032258064516129
0.2899912944027831,0.3407260901185143,0.2850602555920698,0.3215548432920774,0.1778036085647083,0.4203761026833241,0.3393572430482185,0.3533469252048895,0.3485282639071447,0.4015432261928844,0.0492359932088285
0.3650498592211728,0.494708072332344,0.512138258143213,0.4441842679751646,0.4477688508464903,0.4624912585380869,0.5159154093134539,0.6482528782674846,0.5210683005528525,0.5813841538470472,0.032258064516129
0.1859255650790787,0.3253109502105789,0.4461040442149533,0.3483703418490065,0.4344789299341356,0.3067911929350231,0.2891750144602203,0.2285336796131936,0.4075662316497461,0.4359030018219474,0.032258064516129
0.1311446518814456,0.2639155774624393,0.4200131757077507,0.1812036328692265,0.1713425096522658,0.1682224371579308,0.2643254686524461,0.1783995456393594,0.3046069006156979,0.3520764459328191,0.0492359932088285
0.8148237334897566,0.52534416748488,0.6117163922537532,0.5764736254660829,0.5748535101885854,0.7548620320843882,0.6564391576638284,0.591256335776065,0.6493081306729467,0.5884672761404881,0.7962648556876062
0.6227528766160426,0.5242699062276863,0.5441568772578271,0.5820682072498395,0.5115617899739953,0.6293274098854473,0.5720100198481037,0.4071026276071425,0.4648091251735362,0.548616671820439,0.0424448217317487
0.3393848756982951,0.6005609573239712,0.6073976193824662,0.6164285819446906,0.6347752952310601,0.3826364023062001,0.6216497208104035,0.7931570212536652,0.6922867955847067,0.8002576695063446,0.0492359932088285
0.6040188991148923,0.7257283978057603,0.7991549121305559,0.7137132811481806,0.8008122434469398,0.63790294092991,0.7976360502664677,0.7807135069428364,0.7572639111776032,0.724916392800379,0.7283531409168081
0.7435749168029191,0.5790773803538503,0.6133754209684243,0.4412586627407773,0.5472158381068282,0.6655494611548884,0.6709739429242587,0.6236667148519988,0.685417261819842,0.6869456960770608,0.0475382003395585
0.3537421028194174,0.437329872023249,0.510667673761003,0.362972464868768,0.2732537605656355,0.3996436136524997,0.4667854356516687,0.4524684355094759,0.4065634730035836,0.4432059359134295,0.0831918505942275
0.2534388503998044,0.3903405653236436,0.5065547254490801,0.3533587556099165,0.375855964500474,0.2700476296749592,0.4757337683846705,0.3618765124714393,0.4217743314339799,0.5233949913913649,0.6434634974533107
1.0,0.7939034307049047,0.8384840894466257,0.873653710079048,0.8919186872918765,1.0,0.915946640232982,0.8407254303779921,0.8450105972330881,0.8900701749456552,0.0831918505942275
0.3676400109857685,0.2619722415912799,0.3494247726350352,0.3879201750705663,0.2678849310520197,0.3546551263180313,0.2573604012003216,0.3565313807363133,0.4413009635479232,0.316521937237044,0.032258064516129
0.642667756039907,0.6207819005729609,0.6232769312610904,0.6444558889522156,0.6830374526443366,0.5802984116425711,0.7677960922939326,0.646514296463448,0.6872256024471373,0.6982584919580128,0.066213921901528
0.4140505230232221,0.3905700336402071,0.4141426899472187,0.4643878224360915,0.3179298516361395,0.4780817945542668,0.5222562002161801,0.4601682599221071,0.4685240469119733,0.3854992168599083,0.032258064516129
0.7653746268053241,0.5543477851896832,0.4259481162390146,0.4585545690370365,0.5715284071986753,0.7325179900925862,0.6511202909643781,0.4616198163892988,0.4005898147386655,0.4746979524507042,0.0152801358234295
0.6916469078431855,0.8943032291392383,0.9483964189578338,0.9410419455633164,0.8522732494449945,0.7011897583656577,0.8623525991536076,0.8696390085817514,0.8536237257024113,0.8896272400664607,0.9830220713073006
0.2426219748786056,0.4980708513545731,0.4503491143518399,0.4759403718714177,0.4678041307983769,0.2664127915209238,0.4739835579766267,0.5686977437948137,0.6102328043074676,0.6452010759557665,0.1171477079796265
0.7740223213366426,0.868947088765897,0.85568166504565,0.8223180307037103,0.8156936942313802,0.7633901046322062,0.8833091240831465,0.9742982954198868,0.9357136223029928,0.9506065758042944,0.1171477079796265
0.5460719837887416,0.4008317977320537,0.4754005166786188,0.4062553035099348,0.4634949337679657,0.8465837638912244,0.702200034981463,0.5725479174900536,0.3919845302188061,0.4605476039661715,0.0831918505942275
0.4049916405625464,0.4064768281773896,0.4659161848317799,0.3823447155134856,0.3621461668273185,0.2859039056436985,0.5500339415974085,0.5198621187211836,0.4237959025112769,0.4250244186802512,0.6095076400679117
0.7301701581192335,0.6062932855603267,0.5630398599675026,0.4602981891380784,0.514935069416582,0.8693775950847886,0.6164949972905664,0.5912496954466666,0.54036210102243,0.4809267726621351,0.032258064516129
0.7745135462310939,0.6720990575048245,0.8100558390811827,0.5951346558190602,0.6142746643741941,0.6958571316084412,0.8631387979631819,0.7857590973599999,0.7240922219599688,0.6562047056528686,0.1436332767402377
0.2894943877246092,0.2943508698226706,0.4035778550878495,0.2293331621716194,0.1886743365814649,0.3011157432608597,0.278929486364702,0.2215915665998311,0.3529526777666372,0.1430373813552039,0.0152801358234295
0.6524242662533593,0.3173122818117007,0.4052780266260487,0.3177933777113546,0.2416827826388548,0.5560026649011807,0.4102815669687438,0.301911087593063,0.5027555243564397,0.3494710393088052,0.0135823429541595
0.17540276154112,0.1229625448473237,0.2121431323750224,0.077709463969775,0.2896772198253992,0.3822742496202882,0.2353186725312475,0.2245732418778439,0.1896748069234997,0.2574212167626406,0.1511035653650254
0.3063149553949595,0.2066626704772916,0.2488278680418398,0.1473376792051608,0.1711244666837161,0.2317407837851584,0.367722658650051,0.3119243592080132,0.1817107825604036,0.2529601436630437,0.032258064516129
0.5209727427156849,0.5066237280962904,0.6140576736843426,0.5605707556581425,0.6294655397615536,0.5858878084856434,0.6273403866530085,0.5386809066380824,0.7546967741486079,0.4687688817257609,0.0458404074702886
0.703685748323629,0.5933029948678501,0.7749954031996393,0.6147988519612677,0.6350582103305678,0.7718942025526547,0.7371748172182344,0.7287894177756311,0.9005724159756072,0.6514438732227747,0.1273344651952462
0.684023098924579,0.4063435544573226,0.5634147152626976,0.5057570757316459,0.4895917044457996,0.7083949629075366,0.624518546857729,0.53663066202506,0.4706132770203162,0.470560727269224,0.0152801358234295
0.7236948526840163,0.6121807159474912,0.671461743231206,0.3905522570139967,0.4981740649512611,0.6904975633614931,0.5747145457794423,0.6205532514638408,0.5623127562652015,0.4121095789870332,0.1358234295415959
0.6803789085822789,0.5009203175520682,0.4606894056472985,0.5110259062664517,0.4756151066409855,0.6473726738771113,0.4752005989502179,0.6495866582367402,0.4432973819100105,0.5230285843958808,0.0135823429541595
0.5702452710195813,0.427766806179729,0.4772170044210992,0.4302693878314172,0.4706177930009108,0.5463628057650447,0.4332272369778223,0.4767506815007263,0.5887561855817482,0.622516777783966,0.2020373514431239
0.449853503471699,0.4623679668702667,0.5612202686411234,0.4092770387618989,0.2181152152969823,0.4040185151359501,0.3985128859264426,0.4083890903988647,0.512016201743581,0.4871937443030727,0.6434634974533107
0.3356204177308282,0.3380388433271528,0.4583276597573944,0.2964393551485433,0.3530695228840963,0.2844027850256925,0.5452060420776306,0.4167656645507984,0.4128903967584949,0.3540509694246296,0.032258064516129
0.1621715612059726,0.6052803349750635,0.7152981907900389,0.7324528003050741,0.6577089107310881,0.1251970224708105,0.6066644279134672,0.5711248108323674,0.5364388615693492,0.6364889901634811,0.4397283531409168
0.1349821732786407,0.3477934877394126,0.3702323176792825,0.2767866575827125,0.2386413890121141,0.2002967345991031,0.276582202867401,0.3935009948818788,0.4428734557038005,0.3516938627499881,0.032258064516129
0.6247766483261268,0.4367873842742995,0.3625838552095621,0.2288803209720205,0.3221434081138434,0.4234602219929382,0.4557856608759332,0.4178001976870968,0.3677147115963151,0.3980298631285672,0.2020373514431239
0.3997292681829774,0.2096159800213688,0.2990505631434983,0.2424895206991022,0.1599704555339016,0.3766409149901428,0.3152385578514973,0.2575270915065182,0.2640203027477426,0.2958686390016627,0.0152801358234295
0.3449438240136482,0.2561783174492165,0.2712029179094251,0.3136235786829124,0.2780184760817283,0.3710920968198139,0.334720304483874,0.3595768503032122,0.2621991821199831,0.3418874163607046,0.134125636672326
0.7456998365334782,0.6171261132437273,0.6138702267961154,0.5654472429552544,0.5982191237479573,0.6774855233103949,0.7443784233326087,0.5921697714498266,0.5443288342865515,0.4944298493207759,0.1850594227504244
0.5166006106646073,0.5374659403401323,0.5309817930353768,0.4919954147452481,0.6528437523716406,0.4391798547972625,0.5248223726709162,0.5763275339465321,0.6929621737592746,0.496997037145712,0.7623089983022071
0.7028550407704128,0.3322955439235153,0.5398531443418026,0.5558804474192365,0.5071228921787971,0.828033238725991,0.5765817456610591,0.3394992307254543,0.3603389557486274,0.3950477837727886,0.100169779286927
0.2450813598212513,0.231695365748747,0.3785880722869597,0.241869487064922,0.270672831500456,0.368400600334327,0.3813257027810968,0.3227403491230525,0.3267974193725775,0.3164847696969912,0.0831918505942275
0.4445376669018008,0.4953179215537246,0.4566229228025402,0.4527618764329557,0.4444468806335642,0.4258747570314685,0.3889324078176854,0.3963709653931258,0.4551574929117756,0.4825301390252623,0.1511035653650254
0.5270437780385948,0.5852457244002773,0.596029879322524,0.5494496673975537,0.531522677036459,0.5897657528884213,0.6058619324768229,0.5621586125316249,0.6115166760791846,0.5621052630382499,0.032258064516129
0.6017924646922883,0.4282096929947199,0.4799933430955836,0.3480429386653907,0.3474855143011457,0.5921188452805759,0.3673119054956388,0.5167369265407442,0.38771598883599,0.5383528317819801,0.066213921901528
0.4331033204649199,0.4985899060474936,0.6789317220585718,0.4582829236965366,0.3801051506646133,0.5268553759937196,0.5665635714466752,0.5819471216666663,0.5239917464978667,0.5131672105769669,0.100169779286927
0.68605778534203,0.7694572645592193,0.8314130296526578,0.7766940827298257,0.766034987061895,0.6508933980278484,0.8591928140122569,0.9239629530681625,0.9019780486870116,0.8834602386109311,0.932088285229202
0.3727836883371882,0.3517918029144864,0.3152094227963322,0.243901905096463,0.2478936567239469,0.5277164389334805,0.4178614349629268,0.2439160993477722,0.1106343140604335,0.2780872497933724,0.1850594227504244
0.6484194016448925,0.4530981279678279,0.6284716931967569,0.6624638757507637,0.5663592373609416,0.5593069335001046,0.6102780639041621,0.5755051414693859,0.6526922039116263,0.6742936862777069,0.0526315789473684
0.0833934867696348,0.0848559068904508,0.2625792900243102,0.1019330000908116,0.097324943828851,0.2182577182174139,0.0490873471778972,0.1237380002699426,0.245338784466462,0.2829148791751865,0.1511035653650254
0.605746713575555,0.2082626362907236,0.3172289858880874,0.2498404751918272,0.1842714068127942,0.64275382278193,0.4071220801415283,0.263999699168669,0.3922581066242756,0.2320118597817448,0.1850594227504244
0.7465127892290049,0.6547909483222039,0.738972428363639,0.7131300121812854,0.5928842593727446,0.6873287709498399,0.7550444818632558,0.7498992221704348,0.7416353186724267,0.7593721789944861,0.2529711375212224
0.6514813416450709,0.4885499807751048,0.5424226475324267,0.5830303940938717,0.543858327815965,0.5956974612266905,0.6452925117462072,0.6177373867753875,0.6683746715862378,0.6286432572841185,0.0950764006791171
0.8215272562802367,0.4824043456633815,0.4562173905958964,0.4196658126464401,0.5429838542033825,0.6876203140061237,0.5329911219596362,0.5609789531249383,0.5826094090915181,0.4965552278813778,0.0492359932088285
0.7102871031678797,0.7542464727517444,0.825388340586809,0.7214898091663198,0.7845496298935488,0.7140912987433148,0.7675323360356803,0.9055325758452646,0.5913180260066997,0.8453374460425207,0.8471986417657046
0.3609469375745271,0.1042429636726656,0.1463878955416102,0.1138428591267741,0.1771936758986494,0.3963126158763952,0.1052366229474335,0.2202427084638025,0.1993654164114708,0.307847574013399,0.032258064516129
0.657499762167788,0.4218463105446555,0.5263260604384159,0.5337470731855865,0.4294623447611971,0.5753119496536891,0.5359916494658767,0.5246267389777033,0.5119678136143611,0.3678200371805087,0.0169779286926994
0.5780138101529397,0.5384133534605928,0.6971225763880391,0.5235108474470329,0.4498811846976276,0.6106714541955509,0.6243882162600332,0.6886306441960299,0.5883905581904552,0.6988820696189386,0.032258064516129
0.6281698959649553,0.6035487546256488,0.61796665722504,0.646208879631331,0.6721639061486344,0.6944573771648836,0.7291339329190643,0.7673987658666321,0.743514618157588,0.5988925932746196,0.2190152801358234
0.4877950809822864,0.1978743519041486,0.3823891452071857,0.1453984064482332,0.3585614800796628,0.5288750656377506,0.280927227913716,0.3385605349061442,0.3709188455650847,0.3402195403570605,0.100169779286927
0.376826980524036,0.2804321736007005,0.2580124328459139,0.2688876468059642,0.3216845416033804,0.4448671129802029,0.1573510914053377,0.1444469854031096,0.2623411718450328,0.3467985190527394,0.066213921901528
0.4297462275479011,0.5400077498695761,0.4993570287747471,0.5481753778747032,0.5278435431711632,0.3718101921933221,0.5048771790105793,0.5954322328754664,0.4836807805175893,0.6416458079368959,0.1850594227504244
0.7987490406882318,0.600487133195909,0.6872523015451317,0.5234642004713699,0.5774328503383079,0.8955469678175634,0.7788263705046825,0.6857911356805901,0.6644729511099663,0.5625645575556761,0.0831918505942275
0.5376912337353299,0.1402931651710928,0.351519639637478,0.1118510996792021,0.0548285262377887,0.629781262070134,0.2219700459983506,0.22619799853716,0.3083160911467673,0.2618829369025686,0.0152801358234295
0.2620241670625804,0.3642659952016704,0.5543297730245313,0.4298556118965808,0.2863217001645941,0.1174544079626742,0.4184331978494495,0.4183898137054933,0.4483331261053851,0.3187571410902106,0.4736842105263158
0.4392857888723815,0.3056065342703178,0.4288131395548029,0.3129980449646545,0.3883281914666547,0.5631244147255821,0.360688644460104,0.4357246962221681,0.4646876614183033,0.3388155684403118,0.0492359932088285
0.4476947563370195,0.3566360656988603,0.6284589918395465,0.4921904582547705,0.3849315015429788,0.4796107234448552,0.5224515132877023,0.4674271374496406,0.4296971417295609,0.425782648127613,0.7792869269949066
0.6532056421916659,0.547470321040566,0.7370736536182199,0.6604168831372239,0.4511144805797389,0.5471299158307827,0.6377082518960306,0.7493038291523699,0.6489717335934602,0.6049874585416968,0.1018675721561969
0.6154100173392125,0.4997767456505342,0.5389626305220212,0.4435497022142702,0.3840891652327161,0.5889618169738151,0.5360726050003763,0.6081667527623058,0.4486905225689983,0.5401241818719649,0.0950764006791171
0.6251600000153155,0.5999644607272405,0.6593584762960576,0.6623892788311374,0.6648142656033349,0.6226479210985567,0.7254142529911602,0.7296100467478721,0.7682390994303709,0.7177875048849753,0.1443123938879457
0.4773745469781949,0.4159822082830187,0.5041163029438549,0.4844636593097315,0.3522283135900335,0.4928438814850202,0.4154395268706037,0.3747315300457676,0.392232540347027,0.3288276729025414,0.3208828522920203
0.7713649095811941,0.4619513289259924,0.4028492035392992,0.4335982253665023,0.533966565670718,0.7242770434760333,0.5700186958735629,0.5057497352336064,0.4851028062152025,0.5149452843975777,0.0831918505942275
0.7187970753181165,0.8277791819185973,0.7264254509739294,0.6840846022584635,0.7114315564878673,0.6268966494737134,0.7449442546172391,0.6517031322860889,0.7460884642292376,0.8152863568274527,0.0254668930390492
0.2166500568886626,0.2561373828007878,0.0980628907967773,0.2264028005013256,0.1200267603657523,0.3548009614361169,0.1456456662672622,0.2233469070547378,0.2315709135035433,0.1446657527315387,0.100169779286927
0.3604838378983372,0.4013891875562621,0.3432336950044317,0.2782702353475432,0.3389951039355796,0.3876165414173402,0.5085499272374605,0.3063333942784163,0.4397561843206126,0.4110536471635699,0.032258064516129
0.4198280903679294,0.2637616785732757,0.364945587156037,0.2953278047815342,0.2668311355772281,0.3669619855807826,0.4955397132587351,0.3436813106525662,0.3943524979511834,0.4968447047219781,0.4736842105263158
0.3952314406598094,0.2340601499491357,0.5374900008901247,0.311706441069064,0.4062786368963056,0.4590526428119847,0.4282651497509464,0.3064341050724031,0.2876004910798919,0.5200169345380268,0.032258064516129
0.6582074526491954,0.6107821086770249,0.5459031384819595,0.6067255576445962,0.4562522219744507,0.7290163688166951,0.7509435410434531,0.593272780581694,0.5612104711969601,0.6966958806432502,0.1426146010186757
0.3265251834705212,0.2672017954964234,0.3746148078584004,0.4388879295941574,0.378597824495807,0.3724943733091566,0.4316774387437561,0.4036736833347893,0.4913067637352855,0.5073502250285846,0.0831918505942275
0.6997489513063,0.5289471231692884,0.6398208332485098,0.6331890934147673,0.5980494901621987,0.632558002868103,0.5132282629429978,0.6234773777827967,0.7133972705832372,0.6576962377341495,0.0203735144312393
0.6640556219848284,0.5023430558542368,0.5341857122385913,0.7066357570048702,0.4377376333590648,0.7108224000527019,0.667516073204633,0.51194448753953,0.6303459422382516,0.6057657849484206,0.2020373514431239
0.6239763444836641,0.3440975307267859,0.4964979018549373,0.3503981324768066,0.2932324005231332,0.405592847554626,0.3417698243321769,0.5104451777658545,0.4642274961834967,0.2983780906342008,0.5246179966044142
0.3444345138815015,0.4178244023072068,0.5094517920188222,0.3519494675093826,0.45178935812316,0.3634150607026436,0.4311951900788324,0.570309861567168,0.6614430681266641,0.4926500525190203,0.0492359932088285
0.7611069407766791,0.7128506657965488,0.6553216469525649,0.6527505856923486,0.674626235577725,0.7227659006080094,0.6130297285325952,0.6674503636887918,0.5712290249435217,0.6212932266706079,0.0458404074702886
0.6360040393777129,0.5203092516931711,0.50993092618092,0.479528082056865,0.2924112132428045,0.4321987167122731,0.442847719359253,0.4494825702764713,0.5187623350830295,0.503980754868562,0.3548387096774194
0.3271768640996182,0.386350127402945,0.4748040948758019,0.4641286718651463,0.5450362013756889,0.5083149029128902,0.5770148342623869,0.3918209424295951,0.3653296227015361,0.4025601688944673,0.066213921901528
0.7099268011615654,0.7622387995933806,0.8736834646601273,0.7726483149220305,0.862562032765015,0.8079508272281886,0.942706314961177,0.8403226955073679,0.7757123555455614,0.916042927207694,0.1159592529711375
0.7104139697778664,0.5436868631139011,0.6177515244757352,0.6312796787152415,0.6955626908160999,0.6107453548490591,0.6963879420821275,0.7595472547335949,0.6384086818996932,0.7381826167671173,0.7792869269949066
0.7016920620665101,0.5865194882202205,0.5319100814273316,0.7123006038986706,0.5597982496062779,0.5670251478991162,0.7228657747181138,0.5286122663117092,0.5900733585939721,0.6440679548228305,0.5925297113752123
0.1217826135857111,0.2728451704618742,0.4251907817277456,0.2462529212488953,0.3223957300555609,0.2903558735559381,0.3033615460502252,0.2168822403551913,0.2258312568949765,0.3582996093894095,0.134125636672326
0.9226354637311628,1.0000000000000002,0.943199873028714,0.8317294640799351,0.8697293443434149,0.999005969166483,0.9393758482222004,0.9225877187357814,0.8423279349920083,0.8765189170415579,0.0397283531409168
0.7008969589515628,0.4908348675547043,0.742031537557575,0.7296733469441383,0.6009754187350447,0.6938021791375211,0.5677702149130095,0.7338822527467108,0.5422953146783414,0.7392983858120659,0.0220713073005093
0.2953032783843432,0.4629124853488304,0.643964784418982,0.5320765494608484,0.4808632697520509,0.4401971238854023,0.5422593621427003,0.5644761098348037,0.5060933480554493,0.6078830999719578,0.0152801358234295
0.3472963396541964,0.1561271064869291,0.2881799475344859,0.4203808768817518,0.1928366695897363,0.3479288399207565,0.2921758392289426,0.271902831470074,0.3772957741308382,0.3038570597131529,0.1850594227504244
0.0885805154730046,0.1552925871324328,0.228860534312346,0.1528378225596429,0.1537045403135624,0.2321981692764345,0.1210203267947791,0.21640093922682,0.3634268325540475,0.2046835487306357,0.066213921901528
0.3844695009039198,0.3387263923243053,0.2868038103198143,0.3358455096070436,0.2039219330879647,0.3839921379978794,0.3773675130097271,0.3316017683695398,0.2972378260403221,0.2559657914044393,0.032258064516129
0.7504686848315378,0.6317450547349777,0.5700981281324029,0.3959045658219016,0.4578155515819622,0.679659123479869,0.5965569384094365,0.3793766102724845,0.4830697046576695,0.6161501701586685,0.0492359932088285
0.7104772650155069,0.5176663738102929,0.6146242700686335,0.5349152573730924,0.654473495705193,0.6590248295117402,0.643273686183147,0.641327422839044,0.50335400344458,0.6469537021427787,0.134125636672326
0.774224932245057,0.5899990833072242,0.6405394755924332,0.5676239841539119,0.6983185493771698,0.5806900249480491,0.8442550967614135,0.7017145168391379,0.6957570209857695,0.6826411628731492,0.4227504244482173
0.6183962643672523,0.6933692553515043,0.8203577506327686,0.7296108386483269,0.7721710332212581,0.6470349643675539,0.8365987872662388,0.6601776959874861,0.7921048270512436,0.6113088540540501,1.0000000000000002
0.5467063729461747,0.5420803848306333,0.5483415708318209,0.550737678471581,0.599335234365854,0.5700858314455552,0.566479468852104,0.5485620956306023,0.5802019799101328,0.6187698913325932,0.0831918505942275
0.4132631980518511,0.2649062237368593,0.30926090491454,0.2218239643345383,0.3867402864812004,0.4283712511042763,0.3557216627899748,0.4119360197036676,0.328139985283689,0.399945009270892,0.100169779286927
0.6793532914519194,0.7813542256461414,0.8343563017995634,0.6981091927100485,0.7081313563731466,0.6495983440522326,0.7686888034826138,0.8551148515643183,0.7619417872161232,0.794378684691617,0.9830220713073006
0.7527644759688408,0.5833548719373167,0.5509639908571529,0.5238542962986541,0.5271032798974711,0.6555305049580173,0.5992261617023593,0.5224447827597307,0.6341816946870216,0.6456419497259616,0.1290322580645161
0.8520594220482298,0.4196636322266587,0.4595563255219421,0.3757564823949728,0.4516456260645911,0.7683636062207015,0.5009045974740061,0.375167344053595,0.3476154079841898,0.3462592816064249,0.032258064516129
0.6098263683749994,0.3628218627838937,0.5079079850574433,0.4724352950736588,0.4983965255705789,0.6746438369587797,0.4780172151061719,0.6002922095301482,0.6308436588301429,0.5141536982684316,0.0679117147707979
0.171457763376241,0.227548868180281,0.2530063512183682,0.0504510021839692,0.0964829372561744,0.2863937786897899,0.2410266743426419,0.2188128558047875,0.2226938379946315,0.3323456664365467,0.0831918505942275
0.8281500122425016,0.6240897680778195,0.6366989072772016,0.5736783580322293,0.639923023139042,0.8451650834224202,0.6706722481657796,0.7240828471671585,0.7369053836189314,0.7427264923349524,0.0831918505942275
0.5654811813709903,0.580967225183233,0.6047382467314828,0.6715179614081817,0.6349714837434115,0.4946664689355242,0.6553149844545292,0.5504747251819346,0.7301661433497983,0.7217268016613929,0.0492359932088285
0.354542458041005,0.2616928662937463,0.2683539088861264,0.2444881183756628,0.2325518781112061,0.3392829905858576,0.2694765949091886,0.3308881416871134,0.2341601888583131,0.263737682227894,0.134125636672326
0.4528403295135463,0.3742902830907026,0.3338242116098922,0.3778698371368314,0.2333808193032951,0.4465838670416562,0.3625161784174469,0.3872123929235072,0.3463011931864814,0.3842717503039397,0.5925297113752123
0.5082750570144823,0.4944545781172931,0.7244674047302688,0.5043483835558744,0.5175360759981154,0.4980440736668692,0.5549303378762724,0.5528652880626888,0.6303417135716023,0.4754605488062313,0.032258064516129
0.6621835672298859,0.6673698177997494,0.7479871125286548,0.7058537246568171,0.7333335600661617,0.7566623078141803,0.7915828449625182,0.793723480417966,0.77693189493956,0.699253572834633,0.0033955857385398
0.0426891882900735,0.346270538278661,0.3369833178147143,0.2536554774822857,0.2693337271828311,0.2289171888815202,0.3564398591744853,0.2843122966713813,0.3605132772700221,0.2022740047900497,0.1171477079796265
0.6780797697764225,0.6037450181149258,0.7287051520808656,0.5697931062624431,0.7061647777007123,0.1727127832506401,0.5654034577326503,0.5573321212459319,0.7165463643548695,0.51474053416113,0.7283531409168081
0.4696953209888801,0.3003099204366564,0.3838894688428973,0.3507779978220817,0.3262780029433474,0.3927706356823774,0.3799622702847745,0.3357559262678249,0.37045997849531,0.2694209992861553,0.1511035653650254
0.8598675715294535,0.532222974705536,0.6170149855817673,0.705628314644676,0.6608154639479287,0.9140908889776204,0.7628227007423751,0.6562500502110564,0.6968712832647443,0.6966745573822049,0.0831918505942275
0.2707693736367216,0.2735314446798,0.3652425763355349,0.3295023449716336,0.3102850557717815,0.2926421598478166,0.3625689832045116,0.3054033252501444,0.4158051855952895,0.432765737547369,0.0492359932088285
0.6551397219768815,0.6339547765917837,0.618701600293939,0.6029576047730414,0.5890433068519634,0.6085889790225214,0.6697753056438271,0.4142742803009971,0.5572710568001669,0.5711036680666994,0.1646859083191851
0.7482362213895022,0.5690604464321367,0.6059584642743039,0.5653396123253862,0.5962792975140425,0.778177620997865,0.7188844048214689,0.569032683046027,0.6483285649544874,0.7281341379440602,0.1307300509337861
0.7703069938208089,0.6225367414013017,0.7140359258295874,0.5925025929763938,0.5528523089324586,0.6786652559964845,0.5083191203697042,0.5713695454088452,0.6687767657309096,0.5647802836162199,0.2699490662139219
0.7375741830488156,0.8992205933471025,0.9149357658561026,1.0,0.8306746029608727,0.4941791429790214,0.7741880941731938,0.6906263248012066,0.8618742213905635,0.862810424402719,0.2869269949066214
0.0,0.1599265424256513,0.0981120574786862,0.002901965310371,0.1145212170804437,0.1864804550249958,0.1155710085865555,0.1047913096494481,0.037917586517417,0.094193083131109,0.134125636672326
0.6121708474599048,0.3598237777672641,0.337037509871257,0.2459649081766781,0.2515869039467191,0.6778300057688544,0.3976749808239557,0.3748633909452248,0.3632347122084773,0.0924435051960941,0.066213921901528
0.6614038418132155,0.4352257122904464,0.49745365430316,0.5043611923415083,0.4413078794808205,0.606509463283762,0.6038208677373551,0.3689382732002582,0.5424690817084059,0.4588737619104652,0.0933786078098472
0.4558716897083719,0.399558890748928,0.4839942181375949,0.3430783799564993,0.3780682301816684,0.6064738078537206,0.5302929988093559,0.4369462549269796,0.5460781727665291,0.5825226170783007,0.032258064516129
0.3404641150359446,0.1262082604782273,0.3057434751647525,0.3492402375388148,0.1202888605737519,0.3089621710318497,0.2228452548852613,0.3545301354109516,0.2658792208452645,0.14559226817298,0.0152801358234295
0.221503698339148,0.4220376038667097,0.4266214694249848,0.2132635318092379,0.2648599292109257,0.1263422237464126,0.2156639559037674,0.3065415206474198,0.3350237956653188,0.3002130979042394,0.7623089983022071
0.6480986420484554,0.4087044446898573,0.3846004811923,0.3693911707968587,0.3595437449670864,0.5879973976831194,0.376786480787564,0.5026127632396105,0.3730119098859616,0.3299264064000813,0.0288624787775891
0.860149664924716,0.4592693684417248,0.6605080835235746,0.6053409858466265,0.4688592756212635,0.6947313536293915,0.6806478122897928,0.5039290155271787,0.5574933240754425,0.4500393309693311,0.134125636672326
0.62539938269743,0.5185395374695061,0.6187429177957926,0.7475372275283516,0.6045051114291156,0.6743699627169173,0.7382010169559647,0.4812093280030904,0.584111837262475,0.6121352072614943,0.0016977928692699
0.4860437616071897,0.3898923763470208,0.4009920706915986,0.3732113465527575,0.3972463082103232,0.6233687086737802,0.5877859522874562,0.4698942439603002,0.5386012107745994,0.3041603567069086,0.0492359932088285
0.1644683119466132,0.2971444276598005,0.3402614030588433,0.1924467324041154,0.1635835881671512,0.2305037956144024,0.2589450873139078,0.3343611985521353,0.2554419975678432,0.247961577218714,0.032258064516129
0.3794747733393033,0.3286260381510391,0.4425822761759834,0.2865243819819765,0.271129021049038,0.3634272804927225,0.374176768869412,0.4198877080791077,0.4158647832222453,0.2312563067994604,0.066213921901528
0.2571208859450582,0.4743424422893423,0.52433967921901,0.5692478749041117,0.5174197092249992,0.3017682620215201,0.4790515212299149,0.4940026245443121,0.5875965763863245,0.5443634171531502,0.8471986417657046
0.7082172165724541,0.5631976734868538,0.6759438079811784,0.767191963333997,0.6364511611761163,0.7740929571483939,0.665427262884994,0.7550191748180259,0.7365884442607955,0.6337298400908458,0.0797962648556876
0.1830066699556924,0.1339310495239283,0.3640765216935631,0.2009119048761454,0.2510040362657209,0.2792269814375308,0.2756722668686038,0.2726536364947507,0.2516593551030626,0.2868685680172842,0.1511035653650254
0.3699354905559762,0.216480899618636,0.3223092042009523,0.2265197106536103,0.2494007850415005,0.3940259062956825,0.2231001789483966,0.2681407446307946,0.1808880479671775,0.311943056078704,0.0152801358234295
0.6876377308359487,0.5351325550376285,0.6060056228716733,0.4888024454427286,0.5246235708769282,0.7690578811200006,0.5990798972890832,0.4488688544255461,0.5284765364361399,0.468319706063842,0.134125636672326
0.6871094160549682,0.5232069066191996,0.7436516389939112,0.4818656393800107,0.6481596762627968,0.6375764503828787,0.5496418000897427,0.6412059372001913,0.7275840813188563,0.6608914119300924,0.1171477079796265
0.2183423098698758,0.1440510204527956,0.1619716444659489,0.3375492771751465,0.1350303308993559,0.2577335519377968,0.323641201605318,0.3791129945957145,0.2429692387621631,0.3561992978524311,0.066213921901528
0.8048491045246791,0.8594212688689289,0.9999999999999998,0.9396739527390836,0.8676177335648385,0.8185310055338877,0.8184673112081362,1.0000000000000002,0.965240456464524,0.8767294692779009,0.0831918505942275
0.5410653967857995,0.3332011697672157,0.4026262857880376,0.3430950207414147,0.2560251101910349,0.5366464227568697,0.3192783230027394,0.3377350245059598,0.3851464290826434,0.3555604121036622,0.066213921901528
0.3962671431249558,0.2761537521804746,0.4128197436992826,0.384403698043636,0.3908401189668906,0.4624741992886947,0.4089420942991344,0.3382052122984067,0.3650194389395245,0.4047270950810591,0.066213921901528
0.8948239084053315,0.5077902962573508,0.5335595736340266,0.5897044020241968,0.5293220235600808,0.7232535801001916,0.6699403152700363,0.5534818755169002,0.7156722621720477,0.687369062565043,0.032258064516129
0.6935249760092876,0.716615914948991,0.8318703046397002,0.7102720044688366,0.8183211557581054,0.4901495326167722,0.7950498862703261,0.6322390422046522,0.8926214450541776,0.7779783789787846,0.2020373514431239
0.7129939823664975,0.6150862408208637,0.5823897779722216,0.4402064866452115,0.5324469118138817,0.0446022069095985,0.5922365686237709,0.669046269075168,0.5002302125641922,0.5084481117918103,0.2190152801358234
0.4981943316865669,0.2584457275130278,0.4492777895505482,0.2152267850893452,0.1450011544038363,0.4189695264974302,0.2946988300980959,0.2809978510825153,0.2893707124568399,0.2653219548273884,0.066213921901528
0.5713916014592253,0.698972468855495,0.7781134186665322,0.5765458153943204,0.6342084637335563,0.5017987987058108,0.6016514467439018,0.8705230944870486,0.7234406863742402,0.7801037695326449,0.5246179966044142
0.5014344358448009,0.5707531972879873,0.5921859888719003,0.4399225886552464,0.365513652433082,0.549651073008623,0.5348712036768419,0.6096061647665445,0.6142465950188893,0.5767113056914417,0.032258064516129
0.6925510951852023,0.763457850774347,0.7376623720958293,0.74383796145524,0.7041059348677174,0.6488260091609908,0.8479688051840553,0.677533890897634,0.712960838926127,0.769706717968407,0.2529711375212224
0.7244347006638896,0.6037521728139768,0.6873236157350855,0.5592175505113737,0.573551140895679,0.6755069015695621,0.5568817285816032,0.757879665030323,0.669884246224786,0.6012449393218045,0.0492359932088285
0.4212137436738099,0.5421967343597431,0.5182792545815029,0.4709365467178235,0.3428339608169863,0.3907565422808039,0.6140121303070094,0.5240094630364516,0.5548638995243422,0.5086098616746584,0.0152801358234295
0.4459266392795902,0.2984107681551318,0.3624591643733077,0.339378377084726,0.3256443995793103,0.4929682526137706,0.3332347322637758,0.3376632137786934,0.1990062579509401,0.2956608542119785,0.0492359932088285
0.6406614423999506,0.7931474533497733,0.7630585137336101,0.6918865576560118,0.7778793569126392,0.8365573666661836,0.7138035529593485,0.7193602320928048,0.761718912042316,0.6211107284441193,0.032258064516129
0.1410671088840058,0.2326266331135054,0.420769260596314,0.5194490334428172,0.3556381309512872,0.3356584714457042,0.3809070198617514,0.4391013603790219,0.4035998226234287,0.3060938325837661,0.1511035653650254
0.8047934354281874,0.7430349042879858,0.6796665032151019,0.6363185457888796,0.8242160512412562,0.763487798460003,0.8877618345146465,0.8247969673474855,0.806062953567336,0.8691713187523831,0.134125636672326
0.5725071142695892,0.4487787748034051,0.4944430510993578,0.5100945114205282,0.371929670358835,0.5603219526632577,0.5750963567936789,0.4847263954880494,0.5519759863904721,0.4917038538180784,0.1035653650254669
0.6271926109068038,0.6225975307296208,0.6423201085383063,0.5361215166000042,0.5231325789210286,0.6935511154088503,0.5962090064838379,0.5820488458719464,0.5947676043379615,0.5811975423941569,0.0492359932088285
0.1857530178438304,0.2530761277429068,0.2710575984130681,0.2609681205259422,0.3866387757262377,0.2263342235384633,0.3773276393758653,0.2824791445068517,0.3407662062669732,0.2311210450623546,0.3548387096774194
0.7149083193020713,0.2591099927056952,0.2953562321190981,0.3552063696081644,0.2187474942670622,0.584149352842144,0.3613535716573528,0.4244416291377517,0.4001891052726694,0.4588148105567919,0.0407470288624787
0.5436392624354873,0.6577158335444195,0.59126493429371,0.4966457000970132,0.5901340357997424,0.6671634580161525,0.37189484902999,0.5079742883317355,0.5411414143468911,0.6325822460454693,0.0152801358234295
0.0044734960544343,0.2531376160558831,0.3520802551097788,0.2014084437867551,0.2021550241205638,0.2303670751071065,0.3125092731044301,0.344658683383545,0.1803092379585797,0.2788998390125905,0.0492359932088285
0.4405938729726011,0.6014250433802351,0.5816748276675032,0.53742980788215,0.6523792022924153,0.6426836161052392,0.6324017373698201,0.5936085476702593,0.6657134818236976,0.5253209283400408,0.0831918505942275
0.2369520680039194,0.3301074306490894,0.2193327980364803,0.239418875922541,0.2205843317691871,0.1739633967353815,0.3207170275474165,0.2150961711492818,0.3940634122841047,0.2008746125022094,0.3887945670628183
0.2214103587052602,0.1107575203850645,0.2353604785746235,0.1914542358440956,0.1703325942541329,0.2548864878484509,0.2493945883635686,0.1703778585190374,0.2684829956703105,0.2195952325330008,0.066213921901528
0.2953064408078689,0.3101061002972554,0.3676753780353075,0.2390788302920117,0.2947044873066573,0.4026527124730914,0.4274193716765291,0.3819313717097634,0.3498896531974191,0.3101055587975412,0.0152801358234295
0.5719369381164148,0.709090101444142,0.9249949244696708,0.938676989646302,0.7082245967557823,0.5634906721866582,0.8054817673761563,0.8679200247527901,0.6930767523824071,0.9009755583664184,0.7623089983022071
0.6824080450431058,0.4230911760269726,0.516113413381271,0.4624419744206198,0.4218008413915417,0.5991776525648205,0.5340370680336171,0.5121644798181009,0.4938826821736772,0.4473071153636041,0.6774193548387097
0.4608722512645942,0.677700698873555,0.6980665940788999,0.5617462361207783,0.6096856228144227,0.6286462593440993,0.634542556244992,0.7602403145506347,0.5261917063740822,0.6172934591191497,0.0628183361629881
0.733634759572658,0.8446542264388903,0.8777490283314322,0.7806736102536829,0.7560244332961406,0.7481413937654149,0.7864435786316557,0.8230727535989539,0.8453484612697593,0.8959959257048096,0.0458404074702886
0.4533862679613887,0.395711134815969,0.2767571251849374,0.3288044143486637,0.2869858486193644,0.5305442151932329,0.5964243370168649,0.4178151035611461,0.4980503699879639,0.3939904161112257,0.0152801358234295
0.0777285803264575,0.0,0.0007847077652289,0.0346164868862082,0.1473709033516852,0.2083069316716312,0.0,0.0,0.0351477888318085,0.0,0.134125636672326
0.8199064260620603,0.8008022792221168,0.925772142014916,0.9137404961390416,0.8258666048669168,0.9146232695864523,0.6663274732278639,0.8843994745531865,0.7710525325981092,0.8740401128112569,0.0831918505942275
0.2210545132966159,0.35271004641713,0.2062759145498642,0.2378338148602861,0.13782125393539,0.2448419958345367,0.199898913407984,0.2448760430142023,0.2335684002723572,0.2144069587346306,0.100169779286927
0.180677015331991,0.1715207745498319,0.3246489423796848,0.2267430029649062,0.3253301169018281,0.2444094920844088,0.3101469553630345,0.279670159858939,0.3865860595819912,0.255296888435621,0.3208828522920203
0.5591225561168796,0.3038161746887426,0.4464582550029663,0.3696389011189076,0.3847577361765097,0.4834080670879821,0.5982783955472466,0.4261700123210887,0.2981411846248789,0.417789098851298,0.2020373514431239
0.4577261918424025,0.3632480583678696,0.3057635762115227,0.3718178968766708,0.1566686332442861,0.5238921108299,0.3604709828033057,0.3413842282077097,0.2956743954953014,0.3970338885285163,0.2359932088285229
